{"cameraMode":{"drawMode":0,"name":"Shaded","section":"Shading Mode"},"sceneLighting":false,"audioPlay":false,"sceneViewState":{"showFog":true,"showMaterialUpdate":false,"showSkybox":true,"showFlares":true,"showImageEffects":true,"showParticleSystems":true},"in2DMode":false,"pivot":{"x":72.80999755859375,"y":138.69248962402345,"z":3.792469024658203},"rotation":{"x":0.311786025762558,"y":-0.12182752043008805,"z":0.04034645855426788,"w":0.9414455890655518},"size":1.9679111242294312,"orthographic":false}