{"cameraMode":{"drawMode":0,"name":"Shaded","section":"Shading Mode"},"sceneLighting":false,"audioPlay":false,"sceneViewState":{"showFog":true,"showMaterialUpdate":false,"showSkybox":true,"showFlares":true,"showImageEffects":true,"showParticleSystems":true},"in2DMode":false,"pivot":{"x":71.06359100341797,"y":138.22418212890626,"z":4.160151958465576},"rotation":{"x":0.2381303906440735,"y":-0.650797426700592,"z":0.22641724348068238,"w":0.6844647526741028},"size":2.4044251441955568,"orthographic":false}