{"cameraMode":{"drawMode":0,"name":"Shaded","section":"Shading Mode"},"sceneLighting":false,"audioPlay":false,"sceneViewState":{"showFog":true,"showMaterialUpdate":false,"showSkybox":true,"showFlares":true,"showImageEffects":true,"showParticleSystems":true},"in2DMode":false,"pivot":{"x":72.88739776611328,"y":138.19248962402345,"z":3.8790979385375978},"rotation":{"x":0.6290773749351502,"y":-0.006995499599725008,"z":0.005661810282617807,"w":0.7772907018661499},"size":6.02780818939209,"orthographic":false}