{"cameraMode":{"drawMode":0,"name":"Shaded","section":"Shading Mode"},"sceneLighting":true,"audioPlay":false,"sceneViewState":{"showFog":true,"showMaterialUpdate":false,"showSkybox":true,"showFlares":true,"showImageEffects":true,"showParticleSystems":true},"in2DMode":false,"pivot":{"x":340.082275390625,"y":208.57858276367188,"z":-19.9576416015625},"rotation":{"x":0.012827461585402489,"y":0.10330793261528015,"z":-0.0013356967829167843,"w":0.9945658445358276},"size":802.515869140625,"orthographic":false}