{"cameraMode":{"drawMode":0,"name":"Shaded","section":"Shading Mode"},"sceneLighting":false,"audioPlay":false,"sceneViewState":{"showFog":true,"showMaterialUpdate":false,"showSkybox":true,"showFlares":true,"showImageEffects":true,"showParticleSystems":true},"in2DMode":false,"pivot":{"x":67.99755096435547,"y":138.2687530517578,"z":3.8176839351654054},"rotation":{"x":-0.029969513416290284,"y":0.9104970693588257,"z":-0.4069405496120453,"w":-0.06705541163682938},"size":3.046647548675537,"orthographic":false}