{"cameraMode":{"drawMode":0,"name":"Shaded","section":"Shading Mode"},"sceneLighting":false,"audioPlay":false,"sceneViewState":{"showFog":false,"showMaterialUpdate":false,"showSkybox":false,"showFlares":false,"showImageEffects":false,"showParticleSystems":false},"in2DMode":false,"pivot":{"x":-9.356362342834473,"y":0.9718481302261353,"z":0.4924946427345276},"rotation":{"x":-0.14081905782222749,"y":0.016924642026424409,"z":-0.0024267705157399179,"w":-0.9898877143859863},"size":5.216855525970459,"orthographic":false}