{"cameraMode":{"drawMode":0,"name":"Shaded","section":"Shading Mode"},"sceneLighting":true,"audioPlay":false,"sceneViewState":{"showFog":false,"showMaterialUpdate":false,"showSkybox":false,"showFlares":false,"showImageEffects":false,"showParticleSystems":false},"in2DMode":false,"pivot":{"x":-82.8436279296875,"y":-5.986175537109375,"z":19.706268310546876},"rotation":{"x":-0.29102957248687746,"y":0.055060647428035739,"z":-0.016796192154288293,"w":-0.9549806118011475},"size":273.8865966796875,"orthographic":false}