{"cameraMode":{"drawMode":0,"name":"Shaded","section":"Shading Mode"},"sceneLighting":false,"audioPlay":false,"sceneViewState":{"showFog":true,"showMaterialUpdate":false,"showSkybox":true,"showFlares":true,"showImageEffects":true,"showParticleSystems":true},"in2DMode":false,"pivot":{"x":95.00021362304688,"y":-23.299999237060548,"z":213.0},"rotation":{"x":-0.23103372752666474,"y":-0.17974185943603517,"z":0.043473612517118457,"w":-0.9552101492881775},"size":31.376550674438478,"orthographic":false}