{"cameraMode":{"drawMode":0,"name":"Shaded","section":"Shading Mode"},"sceneLighting":true,"audioPlay":false,"sceneViewState":{"showFog":false,"showMaterialUpdate":false,"showSkybox":false,"showFlares":false,"showImageEffects":false,"showParticleSystems":false},"in2DMode":false,"pivot":{"x":-120.89385986328125,"y":-64.73724365234375,"z":17.764251708984376},"rotation":{"x":-0.5807593464851379,"y":-0.016606491059064866,"z":0.011850721202790738,"w":-0.8138196468353272},"size":266.34320068359377,"orthographic":false}