{"cameraMode":{"drawMode":0,"name":"Shaded","section":"Shading Mode"},"sceneLighting":false,"audioPlay":false,"sceneViewState":{"showFog":false,"showMaterialUpdate":false,"showSkybox":false,"showFlares":false,"showImageEffects":false,"showParticleSystems":false},"in2DMode":false,"pivot":{"x":-0.22497238218784333,"y":0.21787208318710328,"z":5.798887252807617},"rotation":{"x":-0.14478857815265656,"y":-0.0824221670627594,"z":0.012103639543056488,"w":-0.9859495162963867},"size":11.563756942749024,"orthographic":false}