{"cameraMode":{"drawMode":0,"name":"Shaded","section":"Shading Mode"},"sceneLighting":true,"audioPlay":false,"sceneViewState":{"showFog":true,"showMaterialUpdate":false,"showSkybox":true,"showFlares":true,"showImageEffects":true,"showParticleSystems":true},"in2DMode":false,"pivot":{"x":45.62711715698242,"y":87.13282012939453,"z":30.253036499023439},"rotation":{"x":-0.23103372752666474,"y":-0.17974185943603517,"z":0.043473612517118457,"w":-0.9552101492881775},"size":22.804344177246095,"orthographic":false}