{"cameraMode":{"drawMode":0,"name":"Shaded","section":"Shading Mode"},"sceneLighting":false,"audioPlay":false,"sceneViewState":{"showFog":false,"showMaterialUpdate":false,"showSkybox":false,"showFlares":false,"showImageEffects":false,"showParticleSystems":false},"in2DMode":false,"pivot":{"x":3.7522573471069338,"y":0.5732154250144959,"z":-11.0107421875},"rotation":{"x":-0.18530678749084474,"y":-0.5113317370414734,"z":0.11398328095674515,"w":-0.8313899040222168},"size":5.6328582763671879,"orthographic":false}