{"cameraMode":{"drawMode":0,"name":"Shaded","section":"Shading Mode"},"sceneLighting":false,"audioPlay":false,"sceneViewState":{"showFog":false,"showMaterialUpdate":false,"showSkybox":false,"showFlares":false,"showImageEffects":false,"showParticleSystems":false},"in2DMode":false,"pivot":{"x":3.7522573471069338,"y":0.5732154250144959,"z":-11.0107421875},"rotation":{"x":-0.08205901086330414,"y":-0.6801369190216065,"z":0.07706204801797867,"w":-0.7243905067443848},"size":2.032857656478882,"orthographic":false}