{"cameraMode":{"drawMode":0,"name":"Shaded","section":"Shading Mode"},"sceneLighting":true,"audioPlay":false,"sceneViewState":{"showFog":false,"showMaterialUpdate":false,"showSkybox":false,"showFlares":false,"showImageEffects":false,"showParticleSystems":false},"in2DMode":false,"pivot":{"x":-3.007688283920288,"y":3.036693572998047,"z":-9.47835922241211},"rotation":{"x":-0.14478857815265656,"y":-0.0824221670627594,"z":0.012103639543056488,"w":-0.9859495162963867},"size":19.020309448242189,"orthographic":false}