{"cameraMode":{"drawMode":0,"name":"Shaded","section":"Shading Mode"},"sceneLighting":true,"audioPlay":false,"sceneViewState":{"showFog":false,"showMaterialUpdate":false,"showSkybox":false,"showFlares":false,"showImageEffects":false,"showParticleSystems":false},"in2DMode":false,"pivot":{"x":-4.70170783996582,"y":3.068540096282959,"z":-1.200775146484375},"rotation":{"x":-0.09321407228708267,"y":-0.24471718072891236,"z":0.023623378947377206,"w":-0.9648142457008362},"size":28.83734703063965,"orthographic":false}