{"cameraMode":{"drawMode":0,"name":"Shaded","section":"Shading Mode"},"sceneLighting":true,"audioPlay":false,"sceneViewState":{"showFog":false,"showMaterialUpdate":false,"showSkybox":false,"showFlares":false,"showImageEffects":false,"showParticleSystems":false},"in2DMode":false,"pivot":{"x":73.33781433105469,"y":139.48826599121095,"z":5.9074387550354},"rotation":{"x":-0.1467631459236145,"y":0.013942808844149113,"z":-0.0020896424539387228,"w":-0.9890711903572083},"size":4.415452003479004,"orthographic":false}