{"cameraMode":{"drawMode":0,"name":"Shaded","section":"Shading Mode"},"sceneLighting":true,"audioPlay":false,"sceneViewState":{"showFog":false,"showMaterialUpdate":false,"showSkybox":false,"showFlares":false,"showImageEffects":false,"showParticleSystems":false},"in2DMode":false,"pivot":{"x":-77.82601928710938,"y":121.80343627929688,"z":-2.385040283203125},"rotation":{"x":0.3776857554912567,"y":0.0069428193382918839,"z":-0.0028248222079128029,"w":0.9259034991264343},"size":196.67774963378907,"orthographic":false}