{"cameraMode":{"drawMode":0,"name":"Shaded","section":"Shading Mode"},"sceneLighting":true,"audioPlay":false,"sceneViewState":{"showFog":false,"showMaterialUpdate":false,"showSkybox":false,"showFlares":false,"showImageEffects":false,"showParticleSystems":false},"in2DMode":false,"pivot":{"x":76.72679901123047,"y":138.7922821044922,"z":4.736163139343262},"rotation":{"x":-0.2999707758426666,"y":0.029177121818065645,"z":-0.009200257249176503,"w":-0.9534577131271362},"size":12.146602630615235,"orthographic":false}