{"cameraMode":{"drawMode":0,"name":"Shaded","section":"Shading Mode"},"sceneLighting":true,"audioPlay":false,"sceneViewState":{"showFog":false,"showMaterialUpdate":false,"showSkybox":false,"showFlares":false,"showImageEffects":false,"showParticleSystems":false},"in2DMode":false,"pivot":{"x":72.3232421875,"y":138.3642120361328,"z":3.4920806884765627},"rotation":{"x":-0.47216516733169558,"y":-0.04044569283723831,"z":0.02167144976556301,"w":-0.8803150653839111},"size":9.503265380859375,"orthographic":false}