{"cameraMode":{"drawMode":0,"name":"Shaded","section":"Shading Mode"},"sceneLighting":true,"audioPlay":false,"sceneViewState":{"showFog":false,"showMaterialUpdate":false,"showSkybox":false,"showFlares":false,"showImageEffects":false,"showParticleSystems":false},"in2DMode":false,"pivot":{"x":71.6216812133789,"y":137.50132751464845,"z":5.110983848571777},"rotation":{"x":0.3970434367656708,"y":0.0082534896209836,"z":-0.003577285446226597,"w":0.9177558422088623},"size":9.164529800415039,"orthographic":false}