{"cameraMode":{"drawMode":0,"name":"Shaded","section":"Shading Mode"},"sceneLighting":true,"audioPlay":false,"sceneViewState":{"showFog":false,"showMaterialUpdate":false,"showSkybox":false,"showFlares":false,"showImageEffects":false,"showParticleSystems":false},"in2DMode":false,"pivot":{"x":6.127420902252197,"y":4.655729293823242,"z":-4.833545684814453},"rotation":{"x":-0.19112534821033479,"y":0.003528672270476818,"z":-0.0007064621895551682,"w":-0.9815590977668762},"size":38.714454650878909,"orthographic":false}