{"cameraMode":{"drawMode":0,"name":"Shaded","section":"Shading Mode"},"sceneLighting":false,"audioPlay":false,"sceneViewState":{"showFog":true,"showMaterialUpdate":false,"showSkybox":true,"showFlares":true,"showImageEffects":true,"showParticleSystems":true},"in2DMode":false,"pivot":{"x":85.2422103881836,"y":-22.49138641357422,"z":211.4788360595703},"rotation":{"x":-0.5948503017425537,"y":-0.03566121682524681,"z":0.026430657133460046,"w":-0.8026100397109985},"size":151.42999267578126,"orthographic":false}