{"cameraMode":{"drawMode":0,"name":"Shaded","section":"Shading Mode"},"sceneLighting":false,"audioPlay":false,"sceneViewState":{"showFog":false,"showMaterialUpdate":false,"showSkybox":false,"showFlares":false,"showImageEffects":false,"showParticleSystems":false},"in2DMode":false,"pivot":{"x":0.06701892614364624,"y":1.485666275024414,"z":5.38613224029541},"rotation":{"x":-0.14478857815265656,"y":-0.0824221670627594,"z":0.012103639543056488,"w":-0.9859495162963867},"size":7.335646152496338,"orthographic":false}