{"cameraMode":{"drawMode":0,"name":"Shaded","section":"Shading Mode"},"sceneLighting":false,"audioPlay":false,"sceneViewState":{"showFog":false,"showMaterialUpdate":false,"showSkybox":false,"showFlares":false,"showImageEffects":false,"showParticleSystems":false},"in2DMode":false,"pivot":{"x":-278.3999938964844,"y":-14.600000381469727,"z":46.400001525878909},"rotation":{"x":-0.14478857815265656,"y":-0.0824221670627594,"z":0.012103639543056488,"w":-0.9859495162963867},"size":22.0,"orthographic":false}