{"cameraMode":{"drawMode":0,"name":"Shaded","section":"Shading Mode"},"sceneLighting":false,"audioPlay":false,"sceneViewState":{"showFog":false,"showMaterialUpdate":false,"showSkybox":false,"showFlares":false,"showImageEffects":false,"showParticleSystems":false},"in2DMode":false,"pivot":{"x":2.5421085357666017,"y":1.5619865655899048,"z":2.3080267906188967},"rotation":{"x":-0.0002566252660471946,"y":-0.5604280829429627,"z":0.0001734219549689442,"w":-0.828203022480011},"size":12.576820373535157,"orthographic":false}