{"cameraMode":{"drawMode":0,"name":"Shaded","section":"Shading Mode"},"sceneLighting":true,"audioPlay":false,"sceneViewState":{"showFog":false,"showMaterialUpdate":false,"showSkybox":false,"showFlares":false,"showImageEffects":false,"showParticleSystems":false},"in2DMode":false,"pivot":{"x":-166.53469848632813,"y":32.902679443359378,"z":-38.93871307373047},"rotation":{"x":-0.49238282442092898,"y":-0.10857885330915451,"z":0.06208132952451706,"w":-0.8613452911376953},"size":329.6804504394531,"orthographic":false}