{"cameraMode":{"drawMode":0,"name":"Shaded","section":"Shading Mode"},"sceneLighting":true,"audioPlay":false,"sceneViewState":{"showFog":false,"showMaterialUpdate":false,"showSkybox":false,"showFlares":false,"showImageEffects":false,"showParticleSystems":false},"in2DMode":false,"pivot":{"x":73.12423706054688,"y":139.46279907226563,"z":4.705047607421875},"rotation":{"x":0.3863050937652588,"y":-0.3515058755874634,"z":0.16218625009059907,"w":0.837202250957489},"size":4.337568283081055,"orthographic":false}