{"cameraMode":{"drawMode":0,"name":"Shaded","section":"Shading Mode"},"sceneLighting":true,"audioPlay":false,"sceneViewState":{"showFog":false,"showMaterialUpdate":false,"showSkybox":false,"showFlares":false,"showImageEffects":false,"showParticleSystems":false},"in2DMode":false,"pivot":{"x":-5.792982578277588,"y":5.468750953674316,"z":-19.021244049072267},"rotation":{"x":0.28579553961753847,"y":0.40370625257492068,"z":-0.13437706232070924,"w":0.8586530685424805},"size":7.253575325012207,"orthographic":false}