{"cameraMode":{"drawMode":0,"name":"Shaded","section":"Shading Mode"},"sceneLighting":true,"audioPlay":false,"sceneViewState":{"showFog":false,"showMaterialUpdate":false,"showSkybox":false,"showFlares":false,"showImageEffects":false,"showParticleSystems":false},"in2DMode":false,"pivot":{"x":0.5010385513305664,"y":-6.473501205444336,"z":0.6460208892822266},"rotation":{"x":-0.2860082983970642,"y":0.22633136808872224,"z":-0.06971735507249832,"w":-0.9285004138946533},"size":59.76753234863281,"orthographic":false}