{"cameraMode":{"drawMode":0,"name":"Shaded","section":"Shading Mode"},"sceneLighting":true,"audioPlay":false,"sceneViewState":{"showFog":false,"showMaterialUpdate":false,"showSkybox":false,"showFlares":false,"showImageEffects":false,"showParticleSystems":false},"in2DMode":false,"pivot":{"x":4.128936767578125,"y":-3.632648468017578,"z":-0.4934425354003906},"rotation":{"x":-0.3854028582572937,"y":-0.05200368911027908,"z":0.021760938689112665,"w":-0.9210248589515686},"size":50.7729377746582,"orthographic":false}